,observation_guid,client_idcode,obscatalogmasteritem_displayname,observation_valuetext_analysed,observationdocument_recordeddtm,clientvisit_visitidcode
0,obs_0,D3232DUM23,AoMRC_ClinicalSummary_FT,Size mother view. Difference hear side usually similar hospital. Campaign possible movie these early number drive.,2022-01-16 16:23:54,visit_0
1,obs_1,D3232DUM23,AoMRC_ClinicalSummary_FT,Stand performance know small lot direction. Enjoy share pass.,2020-01-11 10:09:31,visit_1
2,obs_2,D3232DUM23,AoMRC_ClinicalSummary_FT,Military short data true get difference effect vote. Test enough size everybody break catch middle. Design significant enjoy late lead us check enjoy.,2023-01-22 06:18:51,visit_2
3,obs_3,D3232DUM23,AoMRC_ClinicalSummary_FT,Foreign you city activity man. State much power religious task teach action Mr.,2020-01-17 22:58:10,visit_3
4,obs_4,D3232DUM23,AoMRC_ClinicalSummary_FT,Picture recognize interesting at ago partner member. For name whole. Fear might reason hard security well teach speech. Customer cultural reason sea staff.,2021-01-14 21:52:54,visit_4
5,obs_5,D3232DUM23,AoMRC_ClinicalSummary_FT,Well least point entire. Fine natural find while black more.,2021-01-14 18:15:22,visit_5
6,obs_6,D3232DUM23,AoMRC_ClinicalSummary_FT,Blood here area which. Various real fly evidence position forward energy use. Window history less may.,2021-01-14 06:41:22,visit_6
7,obs_7,D3232DUM23,AoMRC_ClinicalSummary_FT,American sell ever community manager experience. Somebody beyond rock food. Money some like. Western address wish every travel project care.,2023-01-11 12:29:05,visit_7
8,obs_8,D3232DUM23,AoMRC_ClinicalSummary_FT,Close start back. Sound rest number clearly carry force. Care until tree character serious. Success participant call bag team whether cold.,2020-01-20 00:41:49,visit_8
