,index,client_idcode,document_guid,document_description,body_analysed,updatetime,clientvisit_visitidcode
0,0,P545DUM23,doc_0,description_0,Industry role another rule perhaps. International inside collection commercial.,2020-01-26 12:21:58,visit_0
1,1,P545DUM23,doc_1,description_1,Discover Republican represent open. Economy me defense song pattern.,2023-01-10 02:35:15,visit_1
2,2,P545DUM23,doc_2,description_2,Fact bed agree both. Include late Democrat animal listen oil yourself.,2023-01-27 19:48:35,visit_2
3,3,P545DUM23,doc_3,description_3,Different necessary account international spring position perhaps policy. Age such across no employee as.,2020-01-15 03:34:54,visit_3
4,4,P545DUM23,doc_4,description_4,Buy full still poor represent scene bill.,2023-01-25 17:02:35,visit_4
5,5,P545DUM23,doc_5,description_5,Degree meet suffer music. Walk control ten summer view. Gas natural force look single involve stuff.,2021-01-08 13:02:31,visit_5
6,6,P545DUM23,doc_6,description_6,Ten smile security sometimes many help design than. Morning guess sell. Four event Congress main Mr after.,2022-01-02 11:12:47,visit_6
7,7,P545DUM23,doc_7,description_7,Theory why question cut at month. Season perhaps pick foreign hope ask attention avoid. Wind shoulder major work police enjoy.,2023-01-28 19:10:28,visit_7
8,8,P545DUM23,doc_8,description_8,Impact cause call reflect include. Age door wall list whatever pattern usually.,2021-01-25 18:25:03,visit_8
